{
  "project1": {
    "last_fetch": 1728519123.0014658,
    "last_checkout": 1728519123.0014658
  },
  "project2": {
    "last_fetch": 1728519123.0014658,
    "last_checkout": 1728519123.0014658
  }
}