{
  "kyoungbinkim/algorithmStudy.git": 1.3028810024261475,
  "kyoungbinkim/LGEcodejam.git": 1.1037356853485107
}